{
  "workload_config": [
    {
      "timestamp": 2,
      "id": 1,
      "grp_workload": [
        {
          "id": 0,
          "availability_target": 1,
          "client_dist": [
            0.1111111111,
            0.1111111111,
            0.1111111111,
            0.1111111111,
            0.1111111111,
            0.1111111111,
            0.1111111111,
            0.1111111111,
            0.1111111111
          ],
          "object_size": 1024,
          "metadata_size": 1e-09,
          "num_objects": 5,
          "arrival_rate": 200,
          "read_ratio": 0.5,
          "write_ratio": 0.5,
          "SLO_read": 1000,
          "SLO_write": 1000,
          "duration": 60,
          "time_to_decode": 0.00028,
          "keys": [
            "10", "20", "30", "40", "50", "60", "70", "80", "90", "100"
          ]
        }
      ]
    },
    {
      "timestamp": 30,
      "id": 2,
      "grp_workload": [
        {
          "id": 0,
          "availability_target": 1,
          "client_dist": [
            0.1111111111,
            0.1111111111,
            0.1111111111,
            0.1111111111,
            0.1111111111,
            0.1111111111,
            0.1111111111,
            0.1111111111,
            0.1111111111
          ],
          "object_size": 1024,
          "metadata_size": 1e-09,
          "num_objects": 5,
          "arrival_rate": 200,
          "read_ratio": 0.5,
          "write_ratio": 0.5,
          "SLO_read": 1000,
          "SLO_write": 1000,
          "duration": 60,
          "time_to_decode": 0.00028,
          "keys": [
            "10", "20", "30", "40", "50", "60", "70", "80", "90", "100"
          ]
        }
      ]
    }
  ]
}

